Nombre,Apellido,Correo Electrónico,Teléfono Celular
Juan,Pérez,juan.perez@example.com,+34123456789
Ana,Gómez,ana.gomez@example.com,+34987654321
Carlos,Martínez,carlos.martinez@example.com,+34911223344
Laura,Rodríguez,laura.rodriguez@example.com,+34987654322
Pedro,López,pedro.lopez@example.com,+34123456780
Maria,Garcia,maria.garcia@example.com,+34987654323
Luis,Hernández,luis.hernandez@example.com,+34123456781
Marta,Fernández,marta.fernandez@example.com,+34987654324
Javier,Jiménez,javier.jimenez@example.com,+34123456782
Sofia,Moreno,sofia.moreno@example.com,+34987654325
David,Alonso,david.alonso@example.com,+34123456783
Isabel,Pérez,isabel.perez@example.com,+34987654326
Antonio,Sánchez,antonio.sanchez@example.com,+34123456784
Cristina,Ramírez,cristina.ramirez@example.com,+34987654327
Eduardo,Diaz,eduardo.diaz@example.com,+34123456785
Beatriz,Martín,beatriz.martin@example.com,+34987654328
Rafael,García,rafael.garcia@example.com,+34123456786
Patricia,Muñoz,patricia.munoz@example.com,+34987654329
Manuel,Vázquez,manuel.vazquez@example.com,+34123456787
Verónica,Castro,veronica.castro@example.com,+34987654330
