Nombre,Apellido,Correo Electr√≥nico,Telefono Celular
Ana,Gomez,ana.gomez@example.com,+34 612 345 678
Luis,Martinez,luis.martinez@example.com,+34 612 234 567
Maria,Fernandez,maria.fernandez@example.com,+34 613 567 890
Carlos,Lopez,carlos.lopez@example.com,+34 612 678 901
Laura,Rodriguez,laura.rodriguez@example.com,+34 616 234 567
David,Garcia,david.garcia@example.com,+34 617 345 678
Sofia,Perez,sofia.perez@example.com,+34 618 456 789
Juan,Moreno,juan.moreno@example.com,+34 619 567 890
Carmen,Alvarez,carmen.alvarez@example.com,+34 620 678 901
Javier,Sanchez,javier.sanchez@example.com,+34 621 789 012
Elena,Diaz,elena.diaz@example.com,+34 622 890 123
Pedro,Martinez,pedro.martinez@example.com,+34 623 901 234
Raquel,Garcia,raquel.garcia@example.com,+34 624 012 345
Francisco,Lopez,francisco.lopez@example.com,+34 625 123 456
Isabel,Romero,isabel.romero@example.com,+34 626 234 567
Antonio,Fernandez,antonio.fernandez@example.com,+34 627 345 678
Silvia,Gonzalez,silvia.gonzalez@example.com,+34 628 456 789
Pedro,Perez,pedro.perez@example.com,+34 629 567 890
Marta,Ramirez,marta.ramirez@example.com,+34 630 678 901
Jorge,Martinez,jorge.martinez@example.com,+34 631 789 012

